Index,LoT,Time,pH,Temp
1,1,오전 9:01:18,1.07,47.2
2,1,오전 9:01:23,1.1,47.57
3,1,오전 9:01:28,1.12,48.15
4,1,오전 9:01:33,1.14,48.16
5,1,오전 9:01:38,1.19,48.18
6,1,오전 9:01:43,1.25,48.2
7,1,오전 9:01:48,1.26,48.36
8,1,오전 9:01:53,1.33,48.57
9,1,오전 9:01:58,1.38,48.58
10,1,오전 9:02:03,1.38,48.7
11,1,오전 9:02:08,1.39,48.91
12,1,오전 9:02:13,1.39,48.91
13,1,오전 9:02:18,1.39,48.93
14,1,오전 9:02:23,1.42,48.97
15,1,오전 9:02:28,1.45,48.99
16,1,오전 9:02:33,1.46,49.13
17,1,오전 9:02:38,1.48,49.25
18,1,오전 9:02:43,1.53,49.25
19,1,오전 9:02:48,1.55,49.3
20,1,오전 9:02:53,1.55,49.55
21,1,오전 9:02:58,1.56,49.63
22,1,오전 9:03:03,1.6,49.64
23,1,오전 9:03:08,1.64,49.76
24,1,오전 9:03:13,1.64,49.8
25,1,오전 9:03:18,1.66,49.81
26,1,오전 9:03:23,1.66,49.86
27,1,오전 9:03:28,1.67,49.86
28,1,오전 9:03:33,1.71,49.92
29,1,오전 9:03:39,1.73,49.94
30,1,오전 9:03:44,1.73,49.97
31,1,오전 9:03:49,1.74,50.07
32,1,오전 9:03:54,1.76,50.08
33,1,오전 9:03:59,1.78,50.11
34,1,오전 9:04:04,1.82,50.12
35,1,오전 9:04:09,1.82,50.13
36,1,오전 9:04:14,1.93,50.14
37,1,오전 9:04:19,1.94,50.24
38,1,오전 9:04:24,1.95,50.25
39,1,오전 9:04:29,1.95,50.28
40,1,오전 9:04:34,1.95,50.32
41,1,오전 9:04:39,1.97,50.37
42,1,오전 9:04:44,1.97,50.37
43,1,오전 9:04:49,1.98,50.45
44,1,오전 9:04:54,1.98,50.47
45,1,오전 9:04:59,2.07,50.51
46,1,오전 9:05:04,2.09,50.53
47,1,오전 9:05:09,2.12,50.56
48,1,오전 9:05:14,2.17,50.56
49,1,오전 9:05:19,2.25,50.59
50,1,오전 9:05:24,2.25,50.69
51,1,오전 9:05:29,2.29,50.75
52,1,오전 9:05:34,2.33,50.95
53,1,오전 9:05:39,2.43,50.96
54,1,오전 9:05:44,2.46,51
55,1,오전 9:05:49,2.48,51.02
56,1,오전 9:05:54,2.51,51.17
57,1,오전 9:05:59,2.52,51.23
58,1,오전 9:06:04,2.56,51.27
59,1,오전 9:06:09,2.56,51.33
60,1,오전 9:06:14,2.68,51.38
61,1,오전 9:06:19,2.69,51.49
62,1,오전 9:06:24,2.71,51.58
63,1,오전 9:06:29,2.72,51.64
64,1,오전 9:06:34,2.8,51.7
65,1,오전 9:06:39,2.81,51.82
66,1,오전 9:06:44,2.83,51.88
67,1,오전 9:06:49,2.84,51.99
68,1,오전 9:06:54,3.47,38.87
69,1,오전 9:06:59,3.56,41.79
70,2,오전 9:07:35,1.02,47.05
71,2,오전 9:07:40,1.05,47.9
72,2,오전 9:07:45,1.06,47.91
73,2,오전 9:07:50,1.17,47.95
74,2,오전 9:07:55,1.18,48.06
75,2,오전 9:08:00,1.18,48.23
76,2,오전 9:08:05,1.19,48.38
77,2,오전 9:08:10,1.19,48.77
78,2,오전 9:08:15,1.2,48.88
79,2,오전 9:08:20,1.31,48.93
80,2,오전 9:08:25,1.33,49.14
81,2,오전 9:08:30,1.38,49.14
82,2,오전 9:08:35,1.41,49.2
83,2,오전 9:08:40,1.47,49.22
84,2,오전 9:08:45,1.48,49.25
85,2,오전 9:08:50,1.55,49.25
86,2,오전 9:08:55,1.55,49.26
87,2,오전 9:09:00,1.58,49.28
88,2,오전 9:09:05,1.58,49.5
89,2,오전 9:09:10,1.62,49.51
90,2,오전 9:09:15,1.68,49.59
91,2,오전 9:09:20,1.69,49.59
92,2,오전 9:09:25,1.69,49.59
93,2,오전 9:09:30,1.75,49.63
94,2,오전 9:09:35,1.76,49.65
95,2,오전 9:09:40,1.79,49.66
96,2,오전 9:09:45,1.8,49.67
97,2,오전 9:09:50,1.81,49.81
98,2,오전 9:09:55,1.84,49.84
99,2,오전 9:10:00,1.88,49.87
100,2,오전 9:10:05,1.91,49.9
101,2,오전 9:10:10,1.94,49.99
102,2,오전 9:10:15,2.01,50.02
103,2,오전 9:10:20,2.03,50.05
104,2,오전 9:10:25,2.04,50.05
105,2,오전 9:10:30,2.04,50.05
106,2,오전 9:10:35,2.06,50.07
107,2,오전 9:10:40,2.16,50.09
108,2,오전 9:10:45,2.17,50.12
109,2,오전 9:10:50,2.18,50.12
110,2,오전 9:10:55,2.18,50.15
111,2,오전 9:11:00,2.26,50.2
112,2,오전 9:11:06,2.29,50.2
113,2,오전 9:11:11,2.29,50.21
114,2,오전 9:11:16,2.32,50.21
115,2,오전 9:11:21,2.34,50.23
116,2,오전 9:11:26,2.43,50.25
117,2,오전 9:11:31,2.44,50.26
118,2,오전 9:11:36,2.46,50.3
119,2,오전 9:11:41,2.46,50.34
120,2,오전 9:11:46,2.47,50.35
121,2,오전 9:11:51,2.49,50.39
122,2,오전 9:11:56,2.52,50.49
123,2,오전 9:12:01,2.56,50.53
124,2,오전 9:12:06,2.6,50.55
125,2,오전 9:12:11,2.6,50.59
126,2,오전 9:12:16,2.62,50.68
127,2,오전 9:12:21,2.64,50.69
128,2,오전 9:12:26,2.65,50.82
129,2,오전 9:12:31,2.66,50.84
130,2,오전 9:12:36,2.67,50.89
131,2,오전 9:12:41,2.7,50.91
132,2,오전 9:12:46,2.8,50.94
133,2,오전 9:12:51,2.83,51
134,2,오전 9:12:56,2.83,51.05
135,2,오전 9:13:01,2.84,51.29
136,2,오전 9:13:06,2.85,51.5
137,2,오전 9:13:11,2.86,51.68
138,2,오전 9:12:45,3.88,41.35
139,3,오전 9:13:16,1.05,46.76
140,3,오전 9:13:21,1.13,47.23
141,3,오전 9:13:26,1.15,47.7
142,3,오전 9:13:31,1.17,47.74
143,3,오전 9:13:36,1.19,47.9
144,3,오전 9:13:41,1.2,48.26
145,3,오전 9:13:46,1.2,48.3
146,3,오전 9:13:51,1.2,48.71
147,3,오전 9:13:56,1.22,48.71
148,3,오전 9:14:01,1.3,48.86
149,3,오전 9:14:06,1.31,48.9
150,3,오전 9:14:11,1.31,48.91
151,3,오전 9:14:16,1.31,48.94
152,3,오전 9:14:21,1.32,49.05
153,3,오전 9:14:26,1.33,49.11
154,3,오전 9:14:31,1.46,49.15
155,3,오전 9:14:36,1.54,49.16
156,3,오전 9:14:41,1.56,49.2
157,3,오전 9:14:46,1.57,49.28
158,3,오전 9:14:51,1.58,49.36
159,3,오전 9:14:56,1.6,49.49
160,3,오전 9:15:01,1.65,49.52
161,3,오전 9:15:06,1.66,49.61
162,3,오전 9:15:11,1.7,49.62
163,3,오전 9:15:16,1.76,49.66
164,3,오전 9:15:21,1.81,49.67
165,3,오전 9:15:27,1.85,49.68
166,3,오전 9:15:32,1.86,49.7
167,3,오전 9:15:37,1.88,49.7
168,3,오전 9:15:42,1.91,49.81
169,3,오전 9:15:47,1.96,49.82
170,3,오전 9:15:52,1.96,49.85
171,3,오전 9:15:57,1.99,49.88
172,3,오전 9:16:02,2.01,50.02
173,3,오전 9:16:07,2.01,50.03
174,3,오전 9:16:12,2.02,50.05
175,3,오전 9:16:17,2.03,50.05
176,3,오전 9:16:22,2.08,50.07
177,3,오전 9:16:27,2.11,50.08
178,3,오전 9:16:32,2.11,50.09
179,3,오전 9:16:37,2.12,50.25
180,3,오전 9:16:42,2.13,50.28
181,3,오전 9:16:47,2.13,50.38
182,3,오전 9:16:52,2.14,50.43
183,3,오전 9:16:57,2.14,50.43
184,3,오전 9:17:02,2.15,50.46
185,3,오전 9:17:07,2.17,50.46
186,3,오전 9:17:12,2.28,50.48
187,3,오전 9:17:17,2.32,50.48
188,3,오전 9:17:22,2.33,50.54
189,3,오전 9:17:27,2.4,50.55
190,3,오전 9:17:32,2.45,50.59
191,3,오전 9:17:37,2.46,50.63
192,3,오전 9:17:42,2.49,50.68
193,3,오전 9:17:47,2.53,50.86
194,3,오전 9:17:52,2.55,50.9
195,3,오전 9:17:57,2.58,50.92
196,3,오전 9:18:02,2.58,50.95
197,3,오전 9:18:07,2.63,51.02
198,3,오전 9:18:12,2.65,51.03
199,3,오전 9:18:17,2.73,51.03
200,3,오전 9:18:22,2.75,51.15
201,3,오전 9:18:27,2.76,51.19
202,3,오전 9:18:32,2.8,51.19
203,3,오전 9:18:37,2.84,51.29
204,3,오전 9:18:42,2.92,51.36
205,3,오전 9:18:47,2.92,51.63
206,3,오전 9:18:52,2.97,52.27
207,3,오전 9:18:57,3.34,38.62
208,4,오전 9:19:32,1.03,47.56
209,4,오전 9:19:37,1.07,47.69
210,4,오전 9:19:42,1.1,47.71
211,4,오전 9:19:47,1.15,47.78
212,4,오전 9:19:52,1.16,47.89
213,4,오전 9:19:57,1.18,48.05
214,4,오전 9:20:02,1.19,48.33
215,4,오전 9:20:07,1.21,48.54
216,4,오전 9:20:12,1.22,48.63
217,4,오전 9:20:17,1.25,48.64
218,4,오전 9:20:22,1.27,48.75
219,4,오전 9:20:27,1.29,48.79
220,4,오전 9:20:32,1.34,48.82
221,4,오전 9:20:37,1.34,48.94
222,4,오전 9:20:42,1.36,49
223,4,오전 9:20:47,1.36,49.03
224,4,오전 9:20:52,1.41,49.03
225,4,오전 9:20:57,1.43,49.11
226,4,오전 9:21:02,1.47,49.13
227,4,오전 9:21:07,1.51,49.14
228,4,오전 9:21:12,1.54,49.16
229,4,오전 9:21:17,1.54,49.25
230,4,오전 9:21:22,1.56,49.29
231,4,오전 9:21:27,1.58,49.43
232,4,오전 9:21:32,1.61,49.49
233,4,오전 9:21:37,1.63,49.61
234,4,오전 9:21:42,1.65,49.61
235,4,오전 9:21:47,1.68,49.69
236,4,오전 9:21:52,1.7,49.7
237,4,오전 9:21:57,1.7,49.74
238,4,오전 9:22:02,1.75,49.82
239,4,오전 9:22:07,1.75,49.83
240,4,오전 9:22:12,1.88,49.85
241,4,오전 9:22:17,1.9,49.89
242,4,오전 9:22:22,1.9,49.93
243,4,오전 9:22:27,1.92,49.97
244,4,오전 9:22:32,1.93,49.99
245,4,오전 9:22:37,1.93,50.04
246,4,오전 9:22:42,1.94,50.04
247,4,오전 9:22:47,1.96,50.09
248,4,오전 9:22:52,1.97,50.11
249,4,오전 9:22:57,1.99,50.2
250,4,오전 9:23:02,2.02,50.34
251,4,오전 9:23:07,2.14,50.36
252,4,오전 9:23:12,2.17,50.37
253,4,오전 9:23:17,2.18,50.38
254,4,오전 9:23:22,2.19,50.38
255,4,오전 9:23:27,2.24,50.41
256,4,오전 9:23:32,2.27,50.62
257,4,오전 9:23:37,2.32,50.63
258,4,오전 9:23:42,2.34,50.67
259,4,오전 9:23:47,2.34,50.69
260,4,오전 9:23:52,2.4,50.84
261,4,오전 9:23:57,2.41,50.96
262,4,오전 9:24:02,2.42,51
263,4,오전 9:24:07,2.56,51
264,4,오전 9:24:12,2.56,51.03
265,4,오전 9:24:17,2.62,51.06
266,4,오전 9:24:22,2.68,51.21
267,4,오전 9:24:27,2.69,51.3
268,4,오전 9:24:32,2.72,51.3
269,4,오전 9:24:37,2.75,51.33
270,4,오전 9:24:42,2.75,51.34
271,4,오전 9:24:47,2.8,51.34
272,4,오전 9:24:52,2.81,51.36
273,4,오전 9:24:57,2.86,51.38
274,4,오전 9:25:02,2.89,51.46
275,4,오전 9:25:07,2.95,51.7
276,4,오전 9:25:12,3.59,40.22
277,5,오전 9:25:37,1.05,47.61
278,5,오전 9:25:42,1.05,48.13
279,5,오전 9:25:47,1.07,48.2
280,5,오전 9:25:52,1.07,48.23
281,5,오전 9:25:57,1.09,48.24
282,5,오전 9:26:02,1.11,48.36
283,5,오전 9:26:07,1.14,48.53
284,5,오전 9:26:12,1.18,48.6
285,5,오전 9:26:17,1.19,48.65
286,5,오전 9:26:22,1.23,48.76
287,5,오전 9:26:27,1.24,48.77
288,5,오전 9:26:32,1.24,48.98
289,5,오전 9:26:37,1.25,49.08
290,5,오전 9:26:42,1.27,49.27
291,5,오전 9:26:47,1.35,49.29
292,5,오전 9:26:52,1.37,49.34
293,5,오전 9:26:57,1.4,49.36
294,5,오전 9:27:02,1.51,49.4
295,5,오전 9:27:07,1.51,49.43
296,5,오전 9:27:12,1.53,49.45
297,5,오전 9:27:17,1.54,49.45
298,5,오전 9:27:22,1.66,49.45
299,5,오전 9:27:27,1.66,49.47
300,5,오전 9:27:32,1.68,49.49
301,5,오전 9:27:37,1.76,49.59
302,5,오전 9:27:42,1.77,49.61
303,5,오전 9:27:47,1.77,49.66
304,5,오전 9:27:52,1.8,49.66
305,5,오전 9:27:57,1.8,49.68
306,5,오전 9:28:02,1.82,49.7
307,5,오전 9:28:07,1.86,49.72
308,5,오전 9:28:12,1.87,49.76
309,5,오전 9:28:17,1.87,49.76
310,5,오전 9:28:22,1.89,49.77
311,5,오전 9:28:27,1.93,49.79
312,5,오전 9:28:32,2,49.8
313,5,오전 9:28:37,2,49.81
314,5,오전 9:28:42,2.1,49.89
315,5,오전 9:28:47,2.12,49.9
316,5,오전 9:28:52,2.12,50.04
317,5,오전 9:28:57,2.14,50.05
318,5,오전 9:29:02,2.15,50.14
319,5,오전 9:29:07,2.15,50.16
320,5,오전 9:29:12,2.19,50.24
321,5,오전 9:29:17,2.21,50.29
322,5,오전 9:29:22,2.24,50.33
323,5,오전 9:29:27,2.26,50.39
324,5,오전 9:29:32,2.27,50.45
325,5,오전 9:29:37,2.39,50.54
326,5,오전 9:29:42,2.4,50.55
327,5,오전 9:29:47,2.41,50.6
328,5,오전 9:29:52,2.42,50.82
329,5,오전 9:29:57,2.43,50.82
330,5,오전 9:30:02,2.45,50.84
331,5,오전 9:30:07,2.49,50.9
332,5,오전 9:30:12,2.52,50.93
333,5,오전 9:30:17,2.52,50.99
334,5,오전 9:30:22,2.6,51.01
335,5,오전 9:30:27,2.6,51.06
336,5,오전 9:30:32,2.63,51.07
337,5,오전 9:30:37,2.64,51.11
338,5,오전 9:30:42,2.64,51.16
339,5,오전 9:30:47,2.69,51.18
340,5,오전 9:30:52,2.77,51.21
341,5,오전 9:30:57,2.8,51.21
342,5,오전 9:31:02,2.87,51.48
343,5,오전 9:31:07,2.9,51.49
344,5,오전 9:31:12,2.95,51.61
345,5,오전 9:31:17,2.97,51.8
346,6,오전 9:31:32,1.03,46.66
347,6,오전 9:31:37,1.06,46.96
348,6,오전 9:31:42,1.14,47.76
349,6,오전 9:31:47,1.2,48.35
350,6,오전 9:31:52,1.21,48.71
351,6,오전 9:31:57,1.26,48.72
352,6,오전 9:32:02,1.27,48.82
353,6,오전 9:32:07,1.28,48.83
354,6,오전 9:32:12,1.28,48.88
355,6,오전 9:32:17,1.31,48.89
356,6,오전 9:32:22,1.32,48.89
357,6,오전 9:32:27,1.33,49.04
358,6,오전 9:32:32,1.38,49.08
359,6,오전 9:32:37,1.39,49.13
360,6,오전 9:32:42,1.4,49.14
361,6,오전 9:32:47,1.46,49.28
362,6,오전 9:32:52,1.54,49.28
363,6,오전 9:32:57,1.58,49.28
364,6,오전 9:33:02,1.58,49.34
365,6,오전 9:33:07,1.66,49.34
366,6,오전 9:33:12,1.67,49.36
367,6,오전 9:33:17,1.73,49.37
368,6,오전 9:33:22,1.74,49.42
369,6,오전 9:33:27,1.76,49.42
370,6,오전 9:33:32,1.78,49.44
371,6,오전 9:33:37,1.79,49.47
372,6,오전 9:33:42,1.81,49.5
373,6,오전 9:33:47,1.81,49.52
374,6,오전 9:33:52,1.81,49.56
375,6,오전 9:33:57,1.83,49.61
376,6,오전 9:34:02,1.83,49.7
377,6,오전 9:34:07,1.85,49.75
378,6,오전 9:34:12,2.08,49.89
379,6,오전 9:34:17,2.1,49.93
380,6,오전 9:34:22,2.13,49.94
381,6,오전 9:34:27,2.14,49.95
382,6,오전 9:34:32,2.17,49.96
383,6,오전 9:34:37,2.17,49.97
384,6,오전 9:34:42,2.18,49.98
385,6,오전 9:34:47,2.18,50.05
386,6,오전 9:34:52,2.23,50.08
387,6,오전 9:34:57,2.24,50.17
388,6,오전 9:35:02,2.28,50.21
389,6,오전 9:35:07,2.3,50.21
390,6,오전 9:35:12,2.32,50.22
391,6,오전 9:35:17,2.33,50.24
392,6,오전 9:35:22,2.38,50.24
393,6,오전 9:35:27,2.39,50.25
394,6,오전 9:35:32,2.41,50.34
395,6,오전 9:35:37,2.41,50.35
396,6,오전 9:35:42,2.43,50.35
397,6,오전 9:35:47,2.45,50.43
398,6,오전 9:35:52,2.47,50.48
399,6,오전 9:35:57,2.51,50.64
400,6,오전 9:36:02,2.53,50.66
401,6,오전 9:36:07,2.53,50.66
402,6,오전 9:36:12,2.54,50.66
403,6,오전 9:36:17,2.55,50.67
404,6,오전 9:36:22,2.56,50.69
405,6,오전 9:36:27,2.6,50.74
406,6,오전 9:36:32,2.61,51.24
407,6,오전 9:36:37,2.67,51.51
408,6,오전 9:36:42,2.68,51.61
409,6,오전 9:36:47,2.69,51.76
410,6,오전 9:36:52,2.72,51.81
411,6,오전 9:36:57,2.77,51.93
412,6,오전 9:37:02,2.78,52.13
413,6,오전 9:37:07,2.83,52.42
414,6,오전 9:37:12,2.85,53.08
415,7,오전 9:37:27,1.08,46.96
416,7,오전 9:37:32,1.1,47.77
417,7,오전 9:37:37,1.12,47.96
418,7,오전 9:37:42,1.14,48.42
419,7,오전 9:37:47,1.19,48.57
420,7,오전 9:37:52,1.46,48.61
421,7,오전 9:37:57,1.47,48.67
422,7,오전 9:38:02,1.52,48.7
423,7,오전 9:38:07,1.53,48.73
424,7,오전 9:38:12,1.6,48.8
425,7,오전 9:38:17,1.64,48.95
426,7,오전 9:38:22,1.65,49.04
427,7,오전 9:38:27,1.67,49.15
428,7,오전 9:38:32,1.73,49.23
429,7,오전 9:38:37,1.74,49.31
430,7,오전 9:38:42,1.77,49.32
431,7,오전 9:38:47,1.78,49.32
432,7,오전 9:38:52,1.81,49.33
433,7,오전 9:38:57,1.81,49.33
434,7,오전 9:39:02,1.84,49.39
435,7,오전 9:39:07,1.88,49.4
436,7,오전 9:39:12,1.9,49.4
437,7,오전 9:39:17,1.93,49.5
438,7,오전 9:39:22,1.96,49.63
439,7,오전 9:39:27,1.99,49.64
440,7,오전 9:39:32,2,49.7
441,7,오전 9:39:37,2.01,49.76
442,7,오전 9:39:42,2.02,49.76
443,7,오전 9:39:47,2.02,49.78
444,7,오전 9:39:52,2.02,49.83
445,7,오전 9:39:57,2.04,49.87
446,7,오전 9:40:02,2.05,49.9
447,7,오전 9:40:07,2.09,49.91
448,7,오전 9:40:12,2.1,49.92
449,7,오전 9:40:17,2.11,49.94
450,7,오전 9:40:22,2.12,49.96
451,7,오전 9:40:27,2.15,49.99
452,7,오전 9:40:32,2.21,50.05
453,7,오전 9:40:37,2.22,50.06
454,7,오전 9:40:42,2.22,50.17
455,7,오전 9:40:47,2.23,50.17
456,7,오전 9:40:52,2.27,50.21
457,7,오전 9:40:57,2.27,50.29
458,7,오전 9:41:02,2.29,50.31
459,7,오전 9:41:07,2.32,50.35
460,7,오전 9:41:12,2.35,50.42
461,7,오전 9:41:17,2.38,50.45
462,7,오전 9:41:22,2.39,50.52
463,7,오전 9:41:27,2.41,50.55
464,7,오전 9:41:32,2.44,50.57
465,7,오전 9:41:37,2.45,50.58
466,7,오전 9:41:42,2.46,50.58
467,7,오전 9:41:47,2.47,50.68
468,7,오전 9:41:52,2.49,50.72
469,7,오전 9:41:57,2.5,50.76
470,7,오전 9:42:02,2.53,50.85
471,7,오전 9:42:07,2.56,50.98
472,7,오전 9:42:12,2.67,50.99
473,7,오전 9:42:17,2.67,51.02
474,7,오전 9:42:22,2.68,51.06
475,7,오전 9:42:27,2.7,51.17
476,7,오전 9:42:32,2.73,51.26
477,7,오전 9:42:37,2.75,51.28
478,7,오전 9:42:42,2.79,51.34
479,7,오전 9:42:47,2.8,51.39
480,7,오전 9:42:52,2.83,51.4
481,7,오전 9:42:57,2.9,51.75
482,7,오전 9:43:02,2.92,51.82
483,7,오전 9:43:07,2.98,52.9
484,8,오전 9:43:21,1.06,48.27
485,8,오전 9:43:26,1.11,48.35
486,8,오전 9:43:31,1.11,48.4
487,8,오전 9:43:36,1.14,48.71
488,8,오전 9:43:41,1.34,48.81
489,8,오전 9:43:46,1.38,49.03
490,8,오전 9:43:51,1.4,49.05
491,8,오전 9:43:56,1.44,49.07
492,8,오전 9:44:01,1.47,49.19
493,8,오전 9:44:06,1.47,49.2
494,8,오전 9:44:11,1.55,49.27
495,8,오전 9:44:16,1.6,49.33
496,8,오전 9:44:21,1.64,49.36
497,8,오전 9:44:26,1.65,49.36
498,8,오전 9:44:31,1.66,49.36
499,8,오전 9:44:36,1.67,49.4
500,8,오전 9:44:41,1.67,49.41
501,8,오전 9:44:46,1.7,49.45
502,8,오전 9:44:51,1.71,49.54
503,8,오전 9:44:56,1.72,49.55
504,8,오전 9:45:01,1.73,49.61
505,8,오전 9:45:06,1.74,49.62
506,8,오전 9:45:11,1.78,49.62
507,8,오전 9:45:16,1.79,49.82
508,8,오전 9:45:21,1.82,49.84
509,8,오전 9:45:26,1.84,49.89
510,8,오전 9:45:31,1.88,49.89
511,8,오전 9:45:36,1.89,49.92
512,8,오전 9:45:41,1.89,49.99
513,8,오전 9:45:46,1.89,50
514,8,오전 9:45:51,1.89,50.02
515,8,오전 9:45:56,1.95,50.04
516,8,오전 9:46:01,2.02,50.05
517,8,오전 9:46:06,2.02,50.07
518,8,오전 9:46:11,2.03,50.19
519,8,오전 9:46:16,2.06,50.25
520,8,오전 9:46:21,2.11,50.25
521,8,오전 9:46:26,2.11,50.25
522,8,오전 9:46:31,2.11,50.26
523,8,오전 9:46:36,2.16,50.27
524,8,오전 9:46:41,2.16,50.34
525,8,오전 9:46:46,2.22,50.35
526,8,오전 9:46:51,2.24,50.41
527,8,오전 9:46:56,2.25,50.42
528,8,오전 9:47:01,2.26,50.49
529,8,오전 9:47:06,2.28,50.5
530,8,오전 9:47:11,2.33,50.57
531,8,오전 9:47:16,2.33,50.59
532,8,오전 9:47:21,2.33,50.64
533,8,오전 9:47:26,2.43,50.67
534,8,오전 9:47:31,2.49,50.7
535,8,오전 9:47:36,2.49,50.76
536,8,오전 9:47:41,2.49,50.94
537,8,오전 9:47:46,2.51,50.96
538,8,오전 9:47:51,2.52,50.99
539,8,오전 9:47:56,2.52,51.01
540,8,오전 9:48:01,2.54,51.07
541,8,오전 9:48:06,2.6,51.16
542,8,오전 9:48:11,2.65,51.22
543,8,오전 9:48:16,2.69,51.22
544,8,오전 9:48:21,2.72,51.23
545,8,오전 9:48:26,2.76,51.51
546,8,오전 9:48:31,2.79,51.53
547,8,오전 9:48:36,2.81,51.55
548,8,오전 9:48:41,2.83,51.65
549,8,오전 9:48:46,2.88,51.78
550,8,오전 9:48:51,2.93,51.82
551,8,오전 9:48:56,2.94,51.92
552,8,오전 9:49:01,2.98,53.58
553,9,오전 9:49:36,1.01,47.82
554,9,오전 9:49:41,1.11,48.06
555,9,오전 9:49:46,1.21,48.11
556,9,오전 9:49:51,1.23,48.27
557,9,오전 9:49:56,1.29,48.55
558,9,오전 9:50:01,1.35,48.6
559,9,오전 9:50:06,1.38,48.68
560,9,오전 9:50:11,1.39,48.78
561,9,오전 9:50:16,1.39,48.84
562,9,오전 9:50:21,1.41,48.9
563,9,오전 9:50:26,1.48,49.11
564,9,오전 9:50:31,1.49,49.11
565,9,오전 9:50:36,1.49,49.13
566,9,오전 9:50:41,1.54,49.17
567,9,오전 9:50:46,1.56,49.22
568,9,오전 9:50:51,1.6,49.28
569,9,오전 9:50:56,1.65,49.32
570,9,오전 9:51:01,1.66,49.35
571,9,오전 9:51:06,1.67,49.35
572,9,오전 9:51:11,1.67,49.38
573,9,오전 9:51:16,1.68,49.41
574,9,오전 9:51:21,1.71,49.42
575,9,오전 9:51:26,1.72,49.47
576,9,오전 9:51:31,1.76,49.51
577,9,오전 9:51:36,1.76,49.51
578,9,오전 9:51:41,1.82,49.54
579,9,오전 9:51:46,1.83,49.54
580,9,오전 9:51:51,1.84,49.55
581,9,오전 9:51:56,1.85,49.57
582,9,오전 9:52:01,1.91,49.78
583,9,오전 9:52:06,1.95,49.87
584,9,오전 9:52:11,1.96,49.94
585,9,오전 9:52:16,1.96,50.05
586,9,오전 9:52:21,1.96,50.07
587,9,오전 9:52:26,1.97,50.08
588,9,오전 9:52:31,2.08,50.14
589,9,오전 9:52:36,2.08,50.15
590,9,오전 9:52:41,2.09,50.15
591,9,오전 9:52:46,2.1,50.25
592,9,오전 9:52:51,2.14,50.27
593,9,오전 9:52:56,2.15,50.31
594,9,오전 9:53:01,2.17,50.33
595,9,오전 9:53:06,2.22,50.34
596,9,오전 9:53:11,2.22,50.34
597,9,오전 9:53:16,2.23,50.4
598,9,오전 9:53:21,2.25,50.42
599,9,오전 9:53:26,2.27,50.42
600,9,오전 9:53:31,2.3,50.43
601,9,오전 9:53:36,2.33,50.44
602,9,오전 9:53:41,2.38,50.45
603,9,오전 9:53:46,2.39,50.53
604,9,오전 9:53:51,2.43,50.6
605,9,오전 9:53:56,2.44,50.66
606,9,오전 9:54:01,2.44,50.7
607,9,오전 9:54:06,2.45,50.94
608,9,오전 9:54:11,2.45,50.95
609,9,오전 9:54:16,2.56,51.01
610,9,오전 9:54:21,2.56,51.02
611,9,오전 9:54:26,2.57,51.06
612,9,오전 9:54:31,2.58,51.1
613,9,오전 9:54:36,2.61,51.27
614,9,오전 9:54:41,2.63,51.29
615,9,오전 9:54:46,2.67,51.49
616,9,오전 9:54:51,2.71,51.6
617,9,오전 9:54:56,2.77,51.89
618,9,오전 9:55:01,2.82,52.11
619,9,오전 9:55:06,2.87,52.13
620,9,오전 9:55:11,2.93,52.21
621,9,오전 9:55:16,2.99,53.39
622,10,오전 9:55:41,1.01,48.03
623,10,오전 9:55:46,1.06,48.27
624,10,오전 9:55:51,1.07,48.32
625,10,오전 9:55:56,1.14,48.4
626,10,오전 9:56:01,1.15,48.41
627,10,오전 9:56:06,1.22,48.5
628,10,오전 9:56:11,1.29,48.51
629,10,오전 9:56:16,1.31,48.59
630,10,오전 9:56:21,1.35,48.62
631,10,오전 9:56:26,1.36,48.63
632,10,오전 9:56:31,1.39,48.88
633,10,오전 9:56:36,1.41,48.95
634,10,오전 9:56:41,1.42,49.11
635,10,오전 9:56:46,1.43,49.21
636,10,오전 9:56:51,1.47,49.28
637,10,오전 9:56:56,1.51,49.32
638,10,오전 9:57:01,1.54,49.38
639,10,오전 9:57:06,1.56,49.38
640,10,오전 9:57:11,1.6,49.46
641,10,오전 9:57:16,1.61,49.56
642,10,오전 9:57:21,1.61,49.57
643,10,오전 9:57:26,1.64,49.62
644,10,오전 9:57:31,1.65,49.62
645,10,오전 9:57:36,1.69,49.63
646,10,오전 9:57:41,1.72,49.65
647,10,오전 9:57:46,1.75,49.66
648,10,오전 9:57:51,1.75,49.7
649,10,오전 9:57:56,1.77,49.72
650,10,오전 9:58:01,1.78,49.77
651,10,오전 9:58:06,1.82,49.78
652,10,오전 9:58:11,1.85,49.79
653,10,오전 9:58:16,1.91,49.8
654,10,오전 9:58:21,1.92,49.9
655,10,오전 9:58:26,1.94,49.95
656,10,오전 9:58:31,1.99,49.95
657,10,오전 9:58:36,2,50.02
658,10,오전 9:58:41,2,50.06
659,10,오전 9:58:46,2.01,50.07
660,10,오전 9:58:51,2.02,50.08
661,10,오전 9:58:56,2.1,50.1
662,10,오전 9:59:01,2.12,50.12
663,10,오전 9:59:06,2.13,50.12
664,10,오전 9:59:11,2.14,50.13
665,10,오전 9:59:16,2.15,50.13
666,10,오전 9:59:21,2.2,50.16
667,10,오전 9:59:26,2.23,50.25
668,10,오전 9:59:31,2.26,50.33
669,10,오전 9:59:36,2.27,50.35
670,10,오전 9:59:41,2.32,50.41
671,10,오전 9:59:46,2.32,50.42
672,10,오전 9:59:51,2.36,50.49
673,10,오전 9:59:56,2.37,50.52
674,10,오전 10:00:01,2.39,50.65
675,10,오전 10:00:06,2.41,50.71
676,10,오전 10:00:11,2.44,50.78
677,10,오전 10:00:16,2.45,50.88
678,10,오전 10:00:21,2.5,50.88
679,10,오전 10:00:26,2.57,50.97
680,10,오전 10:00:31,2.61,50.98
681,10,오전 10:00:36,2.65,51.34
682,10,오전 10:00:41,2.73,51.47
683,10,오전 10:00:46,2.73,51.48
684,10,오전 10:00:51,2.75,51.65
685,10,오전 10:00:56,2.76,51.66
686,10,오전 10:01:01,2.84,51.77
687,10,오전 10:01:06,2.91,51.83
688,10,오전 10:01:11,2.92,51.89
689,10,오전 10:01:16,2.98,52.08
690,10,오전 10:01:21,2.99,52.28
691,11,오전 10:01:56,1.07,47.44
692,11,오전 10:02:01,1.15,47.44
693,11,오전 10:02:06,1.15,47.85
694,11,오전 10:02:11,1.2,48.12
695,11,오전 10:02:16,1.2,48.22
696,11,오전 10:02:21,1.24,48.29
697,11,오전 10:02:26,1.25,48.38
698,11,오전 10:02:31,1.27,48.41
699,11,오전 10:02:36,1.27,48.75
700,11,오전 10:02:41,1.28,48.77
701,11,오전 10:02:46,1.29,48.78
702,11,오전 10:02:51,1.31,48.81
703,11,오전 10:02:56,1.32,48.82
704,11,오전 10:03:01,1.33,48.93
705,11,오전 10:03:06,1.33,49.04
706,11,오전 10:03:11,1.33,49.18
707,11,오전 10:03:16,1.34,49.19
708,11,오전 10:03:21,1.34,49.23
709,11,오전 10:03:26,1.36,49.37
710,11,오전 10:03:31,1.37,49.38
711,11,오전 10:03:36,1.42,49.38
712,11,오전 10:03:41,1.43,49.41
713,11,오전 10:03:46,1.47,49.45
714,11,오전 10:03:51,1.57,49.5
715,11,오전 10:03:56,1.62,49.54
716,11,오전 10:04:01,1.63,49.64
717,11,오전 10:04:06,1.65,49.64
718,11,오전 10:04:11,1.68,49.65
719,11,오전 10:04:16,1.69,49.73
720,11,오전 10:04:21,1.71,49.74
721,11,오전 10:04:26,1.72,49.75
722,11,오전 10:04:31,1.72,49.77
723,11,오전 10:04:36,1.8,49.77
724,11,오전 10:04:41,1.83,49.79
725,11,오전 10:04:46,1.88,49.82
726,11,오전 10:04:51,1.89,49.82
727,11,오전 10:04:56,1.97,49.85
728,11,오전 10:05:01,2.02,49.85
729,11,오전 10:05:06,2.03,49.86
730,11,오전 10:05:11,2.07,49.87
731,11,오전 10:05:16,2.12,49.91
732,11,오전 10:05:21,2.12,49.96
733,11,오전 10:05:26,2.14,49.96
734,11,오전 10:05:31,2.23,49.96
735,11,오전 10:05:36,2.26,50.02
736,11,오전 10:05:41,2.28,50.04
737,11,오전 10:05:46,2.3,50.05
738,11,오전 10:05:51,2.31,50.07
739,11,오전 10:05:56,2.32,50.13
740,11,오전 10:06:01,2.35,50.15
741,11,오전 10:06:06,2.41,50.16
742,11,오전 10:06:11,2.44,50.19
743,11,오전 10:06:16,2.48,50.23
744,11,오전 10:06:21,2.49,50.34
745,11,오전 10:06:26,2.51,50.4
746,11,오전 10:06:31,2.55,50.46
747,11,오전 10:06:36,2.55,50.49
748,11,오전 10:06:41,2.59,50.5
749,11,오전 10:06:46,2.6,50.53
750,11,오전 10:06:51,2.61,50.76
751,11,오전 10:06:56,2.62,51.05
752,11,오전 10:07:01,2.64,51.1
753,11,오전 10:07:06,2.7,51.15
754,11,오전 10:07:11,2.74,51.42
755,11,오전 10:07:16,2.81,51.44
756,11,오전 10:07:21,2.83,51.5
757,11,오전 10:07:26,2.91,51.82
758,11,오전 10:07:31,2.98,52.08
759,11,오전 10:07:36,2.99,52.47
760,12,오전 10:08:01,1.03,47.89
761,12,오전 10:08:06,1.06,48.11
762,12,오전 10:08:11,1.09,48.17
763,12,오전 10:08:16,1.12,48.45
764,12,오전 10:08:21,1.14,48.78
765,12,오전 10:08:26,1.16,48.86
766,12,오전 10:08:31,1.17,48.89
767,12,오전 10:08:36,1.2,48.97
768,12,오전 10:08:41,1.2,48.98
769,12,오전 10:08:46,1.3,49.05
770,12,오전 10:08:51,1.33,49.06
771,12,오전 10:08:56,1.34,49.07
772,12,오전 10:09:01,1.39,49.16
773,12,오전 10:09:06,1.47,49.2
774,12,오전 10:09:11,1.52,49.2
775,12,오전 10:09:16,1.52,49.25
776,12,오전 10:09:21,1.6,49.26
777,12,오전 10:09:26,1.65,49.35
778,12,오전 10:09:31,1.7,49.41
779,12,오전 10:09:36,1.74,49.41
780,12,오전 10:09:41,1.75,49.46
781,12,오전 10:09:46,1.79,49.5
782,12,오전 10:09:51,1.81,49.51
783,12,오전 10:09:56,1.83,49.62
784,12,오전 10:10:01,1.85,49.66
785,12,오전 10:10:06,1.87,49.67
786,12,오전 10:10:11,1.87,49.71
787,12,오전 10:10:16,1.89,49.74
788,12,오전 10:10:21,1.94,49.8
789,12,오전 10:10:26,1.96,49.8
790,12,오전 10:10:31,1.96,49.82
791,12,오전 10:10:36,1.98,49.87
792,12,오전 10:10:41,1.98,49.88
793,12,오전 10:10:46,2,49.91
794,12,오전 10:10:51,2.03,49.92
795,12,오전 10:10:56,2.04,49.94
796,12,오전 10:11:01,2.06,49.96
797,12,오전 10:11:06,2.07,50.03
798,12,오전 10:11:11,2.09,50.07
799,12,오전 10:11:16,2.1,50.08
800,12,오전 10:11:21,2.11,50.11
801,12,오전 10:11:26,2.13,50.13
802,12,오전 10:11:31,2.14,50.14
803,12,오전 10:11:36,2.15,50.15
804,12,오전 10:11:41,2.17,50.24
805,12,오전 10:11:46,2.18,50.25
806,12,오전 10:11:51,2.2,50.26
807,12,오전 10:11:56,2.21,50.28
808,12,오전 10:12:01,2.24,50.3
809,12,오전 10:12:06,2.26,50.35
810,12,오전 10:12:11,2.35,50.44
811,12,오전 10:12:16,2.36,50.48
812,12,오전 10:12:21,2.38,50.63
813,12,오전 10:12:26,2.39,50.64
814,12,오전 10:12:31,2.4,50.7
815,12,오전 10:12:36,2.5,50.85
816,12,오전 10:12:41,2.51,50.91
817,12,오전 10:12:46,2.51,50.92
818,12,오전 10:12:51,2.52,50.94
819,12,오전 10:12:56,2.53,50.96
820,12,오전 10:13:01,2.6,51.06
821,12,오전 10:13:06,2.73,51.11
822,12,오전 10:13:11,2.78,51.14
823,12,오전 10:13:16,2.79,51.25
824,12,오전 10:13:21,2.8,51.38
825,12,오전 10:13:26,2.82,51.55
826,12,오전 10:13:31,2.86,51.65
827,12,오전 10:13:36,2.94,51.83
828,12,오전 10:13:41,2.95,52.98
829,13,오전 10:14:06,1.04,47.52
830,13,오전 10:14:11,1.14,47.75
831,13,오전 10:14:16,1.21,48.03
832,13,오전 10:14:21,1.26,48.33
833,13,오전 10:14:26,1.26,48.37
834,13,오전 10:14:31,1.28,48.4
835,13,오전 10:14:36,1.31,48.42
836,13,오전 10:14:41,1.31,48.66
837,13,오전 10:14:46,1.31,48.68
838,13,오전 10:14:51,1.34,48.86
839,13,오전 10:14:56,1.39,48.96
840,13,오전 10:15:01,1.41,49.06
841,13,오전 10:15:06,1.43,49.29
842,13,오전 10:15:11,1.46,49.29
843,13,오전 10:15:16,1.47,49.33
844,13,오전 10:15:21,1.49,49.38
845,13,오전 10:15:26,1.58,49.41
846,13,오전 10:15:31,1.58,49.41
847,13,오전 10:15:36,1.59,49.42
848,13,오전 10:15:41,1.59,49.47
849,13,오전 10:15:46,1.64,49.5
850,13,오전 10:15:51,1.65,49.58
851,13,오전 10:15:56,1.66,49.61
852,13,오전 10:16:01,1.67,49.73
853,13,오전 10:16:06,1.69,49.8
854,13,오전 10:16:11,1.7,49.82
855,13,오전 10:16:16,1.7,49.85
856,13,오전 10:16:21,1.71,49.94
857,13,오전 10:16:26,1.73,49.95
858,13,오전 10:16:31,1.73,49.96
859,13,오전 10:16:36,1.74,50.01
860,13,오전 10:16:41,1.74,50.02
861,13,오전 10:16:46,1.76,50.05
862,13,오전 10:16:51,1.78,50.1
863,13,오전 10:16:56,1.8,50.11
864,13,오전 10:17:01,1.83,50.13
865,13,오전 10:17:06,1.86,50.22
866,13,오전 10:17:11,1.87,50.22
867,13,오전 10:17:16,1.88,50.25
868,13,오전 10:17:21,1.92,50.26
869,13,오전 10:17:26,1.95,50.33
870,13,오전 10:17:31,1.97,50.34
871,13,오전 10:17:36,2.01,50.35
872,13,오전 10:17:41,2.02,50.38
873,13,오전 10:17:46,2.02,50.39
874,13,오전 10:17:51,2.05,50.42
875,13,오전 10:17:56,2.06,50.43
876,13,오전 10:18:01,2.16,50.48
877,13,오전 10:18:06,2.18,50.54
878,13,오전 10:18:11,2.21,50.56
879,13,오전 10:18:16,2.26,50.56
880,13,오전 10:18:21,2.28,50.57
881,13,오전 10:18:26,2.29,50.59
882,13,오전 10:18:31,2.3,50.61
883,13,오전 10:18:36,2.36,50.66
884,13,오전 10:18:41,2.37,50.67
885,13,오전 10:18:46,2.47,50.7
886,13,오전 10:18:51,2.5,50.73
887,13,오전 10:18:56,2.53,50.78
888,13,오전 10:19:01,2.62,50.8
889,13,오전 10:19:06,2.63,51.02
890,13,오전 10:19:11,2.63,51.08
891,13,오전 10:19:16,2.65,51.35
892,13,오전 10:19:21,2.76,51.51
893,13,오전 10:19:26,2.82,51.69
894,13,오전 10:19:31,2.83,51.95
895,13,오전 10:19:36,2.86,52.11
896,13,오전 10:19:41,2.92,52.22
897,13,오전 10:19:46,2.96,52.29
898,14,오전 10:20:10,1.06,48.54
899,14,오전 10:20:15,1.11,48.61
900,14,오전 10:20:20,1.2,48.62
901,14,오전 10:20:25,1.2,48.7
902,14,오전 10:20:30,1.26,48.81
903,14,오전 10:20:35,1.31,48.91
904,14,오전 10:20:40,1.37,48.96
905,14,오전 10:20:45,1.39,48.97
906,14,오전 10:20:50,1.45,48.97
907,14,오전 10:20:55,1.47,49.07
908,14,오전 10:21:00,1.52,49.14
909,14,오전 10:21:05,1.56,49.16
910,14,오전 10:21:10,1.61,49.32
911,14,오전 10:21:15,1.73,49.34
912,14,오전 10:21:20,1.73,49.36
913,14,오전 10:21:25,1.73,49.44
914,14,오전 10:21:30,1.82,49.45
915,14,오전 10:21:35,1.86,49.45
916,14,오전 10:21:40,1.87,49.47
917,14,오전 10:21:45,1.87,49.5
918,14,오전 10:21:50,1.88,49.53
919,14,오전 10:21:55,1.9,49.55
920,14,오전 10:22:00,1.9,49.57
921,14,오전 10:22:05,1.91,49.62
922,14,오전 10:22:10,1.93,49.64
923,14,오전 10:22:15,1.96,49.64
924,14,오전 10:22:20,2.01,49.69
925,14,오전 10:22:25,2.03,49.73
926,14,오전 10:22:30,2.08,49.78
927,14,오전 10:22:35,2.12,49.8
928,14,오전 10:22:40,2.16,49.98
929,14,오전 10:22:45,2.17,50.01
930,14,오전 10:22:50,2.19,50.01
931,14,오전 10:22:55,2.25,50.05
932,14,오전 10:23:00,2.28,50.09
933,14,오전 10:23:05,2.32,50.15
934,14,오전 10:23:10,2.35,50.16
935,14,오전 10:23:15,2.35,50.18
936,14,오전 10:23:20,2.42,50.21
937,14,오전 10:23:25,2.45,50.27
938,14,오전 10:23:30,2.45,50.38
939,14,오전 10:23:35,2.46,50.4
940,14,오전 10:23:40,2.47,50.42
941,14,오전 10:23:45,2.48,50.42
942,14,오전 10:23:50,2.55,50.46
943,14,오전 10:23:55,2.58,50.66
944,14,오전 10:24:00,2.64,50.72
945,14,오전 10:24:05,2.64,50.76
946,14,오전 10:24:10,2.65,50.76
947,14,오전 10:24:15,2.7,50.8
948,14,오전 10:24:20,2.7,50.8
949,14,오전 10:24:25,2.74,50.86
950,14,오전 10:24:30,2.74,50.88
951,14,오전 10:24:35,2.76,51.02
952,14,오전 10:24:40,2.77,51.05
953,14,오전 10:24:45,2.77,51.07
954,14,오전 10:24:50,2.78,51.08
955,14,오전 10:24:55,2.78,51.25
956,14,오전 10:25:00,2.82,51.28
957,14,오전 10:25:05,2.82,51.47
958,14,오전 10:25:10,2.82,51.49
959,14,오전 10:25:15,2.84,51.52
960,14,오전 10:25:20,2.85,51.57
961,14,오전 10:25:25,2.85,51.67
962,14,오전 10:25:30,2.92,51.82
963,14,오전 10:25:35,2.94,51.96
964,14,오전 10:25:40,2.97,51.99
965,14,오전 10:25:45,2.98,52.29
966,14,오전 10:25:50,2.99,52.95
967,15,오전 10:26:15,1.01,47.78
968,15,오전 10:26:20,1.03,47.8
969,15,오전 10:26:25,1.04,47.84
970,15,오전 10:26:30,1.12,48.58
971,15,오전 10:26:35,1.14,48.65
972,15,오전 10:26:40,1.15,48.72
973,15,오전 10:26:45,1.19,48.8
974,15,오전 10:26:50,1.21,48.82
975,15,오전 10:26:55,1.26,48.83
976,15,오전 10:27:00,1.3,48.87
977,15,오전 10:27:05,1.38,48.91
978,15,오전 10:27:10,1.45,48.93
979,15,오전 10:27:15,1.54,48.95
980,15,오전 10:27:20,1.57,49
981,15,오전 10:27:25,1.58,49.1
982,15,오전 10:27:30,1.62,49.29
983,15,오전 10:27:35,1.62,49.31
984,15,오전 10:27:40,1.69,49.39
985,15,오전 10:27:45,1.69,49.4
986,15,오전 10:27:50,1.7,49.43
987,15,오전 10:27:55,1.71,49.62
988,15,오전 10:28:00,1.71,49.68
989,15,오전 10:28:05,1.74,49.72
990,15,오전 10:28:10,1.75,49.74
991,15,오전 10:28:15,1.75,49.75
992,15,오전 10:28:20,1.75,49.85
993,15,오전 10:28:25,1.76,49.86
994,15,오전 10:28:30,1.76,49.88
995,15,오전 10:28:35,1.78,49.9
996,15,오전 10:28:40,1.79,49.97
997,15,오전 10:28:45,1.8,50.05
998,15,오전 10:28:50,1.81,50.1
999,15,오전 10:28:55,1.83,50.13
1000,15,오전 10:29:00,1.85,50.17
1001,15,오전 10:29:05,1.85,50.18
1002,15,오전 10:29:10,1.86,50.2
1003,15,오전 10:29:15,1.97,50.24
1004,15,오전 10:29:20,1.98,50.24
1005,15,오전 10:29:25,2,50.31
1006,15,오전 10:29:30,2.01,50.33
1007,15,오전 10:29:35,2.03,50.39
1008,15,오전 10:29:40,2.11,50.42
1009,15,오전 10:29:45,2.14,50.43
1010,15,오전 10:29:50,2.16,50.45
1011,15,오전 10:29:55,2.19,50.47
1012,15,오전 10:30:00,2.3,50.48
1013,15,오전 10:30:05,2.33,50.53
1014,15,오전 10:30:10,2.4,50.59
1015,15,오전 10:30:15,2.41,50.66
1016,15,오전 10:30:20,2.42,50.68
1017,15,오전 10:30:25,2.43,50.71
1018,15,오전 10:30:30,2.46,50.72
1019,15,오전 10:30:35,2.48,50.84
1020,15,오전 10:30:40,2.49,50.88
1021,15,오전 10:30:45,2.5,50.89
1022,15,오전 10:30:50,2.55,50.9
1023,15,오전 10:30:55,2.65,50.95
1024,15,오전 10:31:00,2.65,51.02
1025,15,오전 10:31:05,2.75,51.09
1026,15,오전 10:31:10,2.76,51.15
1027,15,오전 10:31:15,2.76,51.31
1028,15,오전 10:31:20,2.82,51.36
1029,15,오전 10:31:25,2.84,51.47
1030,15,오전 10:31:30,2.85,51.49
1031,15,오전 10:31:35,2.85,51.64
1032,15,오전 10:31:40,2.92,51.82
1033,15,오전 10:31:45,2.93,52.03
1034,15,오전 10:31:50,2.95,52.12
1035,15,오전 10:31:55,2.99,52.73
1036,16,오전 10:32:20,1.11,47.99
1037,16,오전 10:32:25,1.13,48.39
1038,16,오전 10:32:30,1.14,48.47
1039,16,오전 10:32:35,1.15,48.54
1040,16,오전 10:32:40,1.16,48.75
1041,16,오전 10:32:45,1.17,48.8
1042,16,오전 10:32:50,1.23,48.96
1043,16,오전 10:32:55,1.26,49.03
1044,16,오전 10:33:00,1.28,49.05
1045,16,오전 10:33:05,1.32,49.08
1046,16,오전 10:33:10,1.32,49.16
1047,16,오전 10:33:15,1.33,49.17
1048,16,오전 10:33:20,1.34,49.21
1049,16,오전 10:33:25,1.37,49.21
1050,16,오전 10:33:30,1.39,49.23
1051,16,오전 10:33:35,1.4,49.27
1052,16,오전 10:33:40,1.42,49.28
1053,16,오전 10:33:45,1.51,49.3
1054,16,오전 10:33:50,1.53,49.33
1055,16,오전 10:33:55,1.6,49.42
1056,16,오전 10:34:00,1.62,49.46
1057,16,오전 10:34:05,1.64,49.54
1058,16,오전 10:34:10,1.66,49.61
1059,16,오전 10:34:15,1.67,49.64
1060,16,오전 10:34:20,1.69,49.64
1061,16,오전 10:34:25,1.74,49.64
1062,16,오전 10:34:30,1.75,49.65
1063,16,오전 10:34:35,1.83,49.67
1064,16,오전 10:34:40,1.83,49.69
1065,16,오전 10:34:45,1.96,49.72
1066,16,오전 10:34:50,1.97,49.72
1067,16,오전 10:34:55,2.04,49.77
1068,16,오전 10:35:00,2.05,49.79
1069,16,오전 10:35:05,2.05,49.84
1070,16,오전 10:35:10,2.06,49.84
1071,16,오전 10:35:15,2.07,49.86
1072,16,오전 10:35:20,2.09,49.89
1073,16,오전 10:35:25,2.1,49.89
1074,16,오전 10:35:30,2.16,49.98
1075,16,오전 10:35:35,2.17,49.99
1076,16,오전 10:35:40,2.19,50
1077,16,오전 10:35:45,2.2,50
1078,16,오전 10:35:50,2.22,50.01
1079,16,오전 10:35:55,2.24,50.04
1080,16,오전 10:36:00,2.3,50.05
1081,16,오전 10:36:05,2.3,50.09
1082,16,오전 10:36:10,2.31,50.12
1083,16,오전 10:36:15,2.33,50.19
1084,16,오전 10:36:20,2.34,50.24
1085,16,오전 10:36:25,2.39,50.28
1086,16,오전 10:36:30,2.43,50.32
1087,16,오전 10:36:35,2.43,50.4
1088,16,오전 10:36:40,2.43,50.43
1089,16,오전 10:36:45,2.45,50.43
1090,16,오전 10:36:50,2.47,50.67
1091,16,오전 10:36:55,2.56,50.73
1092,16,오전 10:37:00,2.58,50.77
1093,16,오전 10:37:05,2.61,50.78
1094,16,오전 10:37:10,2.61,50.83
1095,16,오전 10:37:15,2.62,50.91
1096,16,오전 10:37:20,2.66,50.92
1097,16,오전 10:37:25,2.67,50.96
1098,16,오전 10:37:30,2.69,51.16
1099,16,오전 10:37:35,2.69,51.35
1100,16,오전 10:37:40,2.74,51.4
1101,16,오전 10:37:45,2.87,51.46
1102,16,오전 10:37:50,2.91,51.59
1103,16,오전 10:37:55,2.96,51.62
1104,16,오전 10:38:00,2.97,52.18
1105,17,오전 10:38:32,1.05,47.22
1106,17,오전 10:38:37,1.08,47.49
1107,17,오전 10:38:42,1.1,47.65
1108,17,오전 10:38:47,1.11,47.67
1109,17,오전 10:38:52,1.12,48.13
1110,17,오전 10:38:57,1.15,48.15
1111,17,오전 10:39:02,1.16,48.17
1112,17,오전 10:39:07,1.18,48.64
1113,17,오전 10:39:12,1.23,48.93
1114,17,오전 10:39:17,1.29,48.99
1115,17,오전 10:39:22,1.29,49.04
1116,17,오전 10:39:27,1.3,49.06
1117,17,오전 10:39:32,1.3,49.17
1118,17,오전 10:39:37,1.32,49.27
1119,17,오전 10:39:42,1.39,49.28
1120,17,오전 10:39:47,1.5,49.29
1121,17,오전 10:39:52,1.51,49.35
1122,17,오전 10:39:57,1.51,49.43
1123,17,오전 10:40:02,1.51,49.47
1124,17,오전 10:40:07,1.52,49.48
1125,17,오전 10:40:12,1.55,49.54
1126,17,오전 10:40:17,1.59,49.69
1127,17,오전 10:40:22,1.59,49.73
1128,17,오전 10:40:27,1.61,49.77
1129,17,오전 10:40:32,1.7,49.77
1130,17,오전 10:40:37,1.71,49.79
1131,17,오전 10:40:42,1.72,49.8
1132,17,오전 10:40:47,1.76,49.83
1133,17,오전 10:40:52,1.76,49.84
1134,17,오전 10:40:57,1.78,49.84
1135,17,오전 10:41:02,1.79,50.05
1136,17,오전 10:41:07,1.9,50.09
1137,17,오전 10:41:12,1.91,50.09
1138,17,오전 10:41:17,1.98,50.09
1139,17,오전 10:41:22,2.06,50.11
1140,17,오전 10:41:27,2.11,50.17
1141,17,오전 10:41:32,2.19,50.19
1142,17,오전 10:41:37,2.23,50.22
1143,17,오전 10:41:42,2.25,50.26
1144,17,오전 10:41:47,2.27,50.28
1145,17,오전 10:41:52,2.29,50.28
1146,17,오전 10:41:57,2.3,50.28
1147,17,오전 10:42:02,2.31,50.32
1148,17,오전 10:42:07,2.31,50.35
1149,17,오전 10:42:12,2.33,50.4
1150,17,오전 10:42:17,2.38,50.42
1151,17,오전 10:42:22,2.39,50.46
1152,17,오전 10:42:27,2.4,50.56
1153,17,오전 10:42:32,2.44,50.58
1154,17,오전 10:42:37,2.5,50.6
1155,17,오전 10:42:42,2.52,50.62
1156,17,오전 10:42:47,2.57,50.68
1157,17,오전 10:42:52,2.59,50.7
1158,17,오전 10:42:57,2.61,50.82
1159,17,오전 10:43:02,2.61,50.82
1160,17,오전 10:43:07,2.65,50.87
1161,17,오전 10:43:12,2.69,51.11
1162,17,오전 10:43:17,2.7,51.19
1163,17,오전 10:43:22,2.71,51.2
1164,17,오전 10:43:27,2.73,51.34
1165,17,오전 10:43:32,2.73,51.37
1166,17,오전 10:43:37,2.79,51.41
1167,17,오전 10:43:42,2.8,51.47
1168,17,오전 10:43:47,2.81,51.59
1169,17,오전 10:43:52,2.81,51.62
1170,17,오전 10:43:57,2.84,51.69
1171,17,오전 10:44:02,2.87,51.84
1172,17,오전 10:44:07,2.88,52.15
1173,17,오전 10:44:12,2.92,52.63
1174,18,오전 10:44:37,1.01,47.97
1175,18,오전 10:44:42,1.04,48.2
1176,18,오전 10:44:47,1.05,48.21
1177,18,오전 10:44:52,1.08,48.28
1178,18,오전 10:44:57,1.11,48.31
1179,18,오전 10:45:02,1.18,48.32
1180,18,오전 10:45:07,1.19,48.77
1181,18,오전 10:45:12,1.33,48.82
1182,18,오전 10:45:17,1.35,49.11
1183,18,오전 10:45:22,1.46,49.11
1184,18,오전 10:45:27,1.49,49.12
1185,18,오전 10:45:32,1.54,49.19
1186,18,오전 10:45:37,1.55,49.25
1187,18,오전 10:45:42,1.56,49.26
1188,18,오전 10:45:47,1.63,49.35
1189,18,오전 10:45:52,1.64,49.36
1190,18,오전 10:45:57,1.64,49.37
1191,18,오전 10:46:02,1.66,49.47
1192,18,오전 10:46:07,1.73,49.47
1193,18,오전 10:46:12,1.78,49.48
1194,18,오전 10:46:17,1.8,49.67
1195,18,오전 10:46:22,1.83,49.67
1196,18,오전 10:46:27,1.86,49.72
1197,18,오전 10:46:32,1.88,49.75
1198,18,오전 10:46:37,1.94,49.78
1199,18,오전 10:46:42,1.94,49.81
1200,18,오전 10:46:47,1.95,49.83
1201,18,오전 10:46:52,2.01,49.84
1202,18,오전 10:46:57,2.02,49.92
1203,18,오전 10:47:02,2.03,49.96
1204,18,오전 10:47:07,2.04,49.97
1205,18,오전 10:47:12,2.08,50
1206,18,오전 10:47:17,2.12,50.04
1207,18,오전 10:47:22,2.15,50.06
1208,18,오전 10:47:27,2.15,50.08
1209,18,오전 10:47:32,2.17,50.08
1210,18,오전 10:47:37,2.18,50.15
1211,18,오전 10:47:42,2.18,50.19
1212,18,오전 10:47:47,2.2,50.19
1213,18,오전 10:47:52,2.22,50.23
1214,18,오전 10:47:57,2.27,50.29
1215,18,오전 10:48:02,2.28,50.29
1216,18,오전 10:48:07,2.28,50.32
1217,18,오전 10:48:12,2.31,50.35
1218,18,오전 10:48:17,2.35,50.4
1219,18,오전 10:48:22,2.4,50.44
1220,18,오전 10:48:27,2.42,50.44
1221,18,오전 10:48:32,2.44,50.46
1222,18,오전 10:48:37,2.57,50.48
1223,18,오전 10:48:42,2.58,50.49
1224,18,오전 10:48:47,2.61,50.5
1225,18,오전 10:48:52,2.62,50.53
1226,18,오전 10:48:57,2.64,50.55
1227,18,오전 10:49:02,2.64,50.57
1228,18,오전 10:49:07,2.71,50.6
1229,18,오전 10:49:12,2.71,50.64
1230,18,오전 10:49:17,2.71,50.77
1231,18,오전 10:49:22,2.72,50.84
1232,18,오전 10:49:27,2.72,50.85
1233,18,오전 10:49:32,2.73,50.93
1234,18,오전 10:49:37,2.73,51.04
1235,18,오전 10:49:42,2.73,51.06
1236,18,오전 10:49:47,2.77,51.22
1237,18,오전 10:49:52,2.79,51.24
1238,18,오전 10:49:57,2.81,51.33
1239,18,오전 10:50:02,2.9,51.34
1240,18,오전 10:50:07,2.91,51.38
1241,18,오전 10:50:12,2.96,51.91
1242,18,오전 10:50:17,2.99,53.21
1243,19,오전 10:50:49,1.03,47.56
1244,19,오전 10:50:54,1.04,48.53
1245,19,오전 10:50:59,1.08,48.61
1246,19,오전 10:51:04,1.13,48.62
1247,19,오전 10:51:09,1.15,48.74
1248,19,오전 10:51:14,1.17,48.79
1249,19,오전 10:51:19,1.25,48.84
1250,19,오전 10:51:24,1.25,48.9
1251,19,오전 10:51:29,1.27,48.96
1252,19,오전 10:51:34,1.29,49.02
1253,19,오전 10:51:39,1.31,49.12
1254,19,오전 10:51:44,1.35,49.12
1255,19,오전 10:51:49,1.41,49.24
1256,19,오전 10:51:54,1.47,49.29
1257,19,오전 10:51:59,1.47,49.31
1258,19,오전 10:52:04,1.47,49.4
1259,19,오전 10:52:09,1.5,49.48
1260,19,오전 10:52:14,1.51,49.48
1261,19,오전 10:52:19,1.6,49.5
1262,19,오전 10:52:24,1.66,49.51
1263,19,오전 10:52:29,1.68,49.56
1264,19,오전 10:52:34,1.73,49.64
1265,19,오전 10:52:39,1.75,49.64
1266,19,오전 10:52:44,1.75,49.74
1267,19,오전 10:52:49,1.77,49.75
1268,19,오전 10:52:54,1.82,49.75
1269,19,오전 10:52:59,1.86,49.82
1270,19,오전 10:53:04,1.87,49.86
1271,19,오전 10:53:09,1.89,49.91
1272,19,오전 10:53:14,1.93,49.94
1273,19,오전 10:53:19,1.93,49.95
1274,19,오전 10:53:24,1.94,50
1275,19,오전 10:53:29,1.98,50.07
1276,19,오전 10:53:34,2.01,50.08
1277,19,오전 10:53:39,2.05,50.08
1278,19,오전 10:53:44,2.07,50.15
1279,19,오전 10:53:49,2.08,50.16
1280,19,오전 10:53:54,2.1,50.16
1281,19,오전 10:53:59,2.11,50.17
1282,19,오전 10:54:04,2.15,50.19
1283,19,오전 10:54:09,2.17,50.22
1284,19,오전 10:54:14,2.21,50.23
1285,19,오전 10:54:19,2.22,50.24
1286,19,오전 10:54:24,2.22,50.26
1287,19,오전 10:54:29,2.25,50.28
1288,19,오전 10:54:34,2.28,50.28
1289,19,오전 10:54:39,2.31,50.28
1290,19,오전 10:54:44,2.37,50.29
1291,19,오전 10:54:49,2.38,50.35
1292,19,오전 10:54:54,2.4,50.36
1293,19,오전 10:54:59,2.41,50.42
1294,19,오전 10:55:04,2.46,50.47
1295,19,오전 10:55:09,2.49,50.47
1296,19,오전 10:55:14,2.49,50.52
1297,19,오전 10:55:19,2.54,50.55
1298,19,오전 10:55:24,2.58,50.83
1299,19,오전 10:55:29,2.59,50.89
1300,19,오전 10:55:34,2.65,51
1301,19,오전 10:55:39,2.67,51.07
1302,19,오전 10:55:44,2.67,51.09
1303,19,오전 10:55:49,2.74,51.25
1304,19,오전 10:55:54,2.8,51.41
1305,19,오전 10:55:59,2.82,51.43
1306,19,오전 10:56:04,2.85,51.45
1307,19,오전 10:56:09,2.89,51.58
1308,19,오전 10:56:14,2.95,51.64
1309,19,오전 10:56:19,2.96,51.77
1310,19,오전 10:56:24,2.99,51.87
1311,19,오전 10:56:29,3.81,38.04
1312,20,오전 10:56:52,1.03,48.2
1313,20,오전 10:56:57,1.04,48.26
1314,20,오전 10:57:02,1.11,48.35
1315,20,오전 10:57:07,1.12,48.35
1316,20,오전 10:57:12,1.13,48.38
1317,20,오전 10:57:17,1.13,48.78
1318,20,오전 10:57:22,1.16,48.94
1319,20,오전 10:57:27,1.19,48.98
1320,20,오전 10:57:32,1.23,49.15
1321,20,오전 10:57:37,1.24,49.15
1322,20,오전 10:57:42,1.28,49.25
1323,20,오전 10:57:47,1.28,49.29
1324,20,오전 10:57:52,1.3,49.3
1325,20,오전 10:57:57,1.33,49.49
1326,20,오전 10:58:02,1.34,49.52
1327,20,오전 10:58:07,1.43,49.53
1328,20,오전 10:58:12,1.49,49.53
1329,20,오전 10:58:17,1.53,49.54
1330,20,오전 10:58:22,1.54,49.59
1331,20,오전 10:58:27,1.61,49.63
1332,20,오전 10:58:32,1.62,49.7
1333,20,오전 10:58:37,1.64,49.75
1334,20,오전 10:58:42,1.78,49.81
1335,20,오전 10:58:47,1.8,49.82
1336,20,오전 10:58:52,1.82,49.82
1337,20,오전 10:58:57,1.92,49.88
1338,20,오전 10:59:02,1.92,49.88
1339,20,오전 10:59:07,1.95,49.91
1340,20,오전 10:59:12,1.97,49.96
1341,20,오전 10:59:17,1.99,49.97
1342,20,오전 10:59:22,1.99,49.98
1343,20,오전 10:59:27,1.99,50.03
1344,20,오전 10:59:32,2.02,50.08
1345,20,오전 10:59:37,2.02,50.09
1346,20,오전 10:59:42,2.03,50.09
1347,20,오전 10:59:47,2.07,50.15
1348,20,오전 10:59:52,2.08,50.15
1349,20,오전 10:59:57,2.08,50.33
1350,20,오전 11:00:02,2.11,50.37
1351,20,오전 11:00:07,2.11,50.39
1352,20,오전 11:00:12,2.12,50.43
1353,20,오전 11:00:17,2.18,50.44
1354,20,오전 11:00:22,2.19,50.48
1355,20,오전 11:00:27,2.24,50.49
1356,20,오전 11:00:32,2.24,50.5
1357,20,오전 11:00:37,2.25,50.53
1358,20,오전 11:00:42,2.26,50.65
1359,20,오전 11:00:47,2.27,50.72
1360,20,오전 11:00:52,2.3,50.78
1361,20,오전 11:00:57,2.3,50.86
1362,20,오전 11:01:02,2.32,50.94
1363,20,오전 11:01:07,2.33,50.95
1364,20,오전 11:01:12,2.33,50.99
1365,20,오전 11:01:17,2.35,51.02
1366,20,오전 11:01:22,2.48,51.04
1367,20,오전 11:01:27,2.54,51.12
1368,20,오전 11:01:32,2.56,51.18
1369,20,오전 11:01:37,2.57,51.2
1370,20,오전 11:01:42,2.6,51.3
1371,20,오전 11:01:47,2.63,51.33
1372,20,오전 11:01:52,2.69,51.34
1373,20,오전 11:01:57,2.7,51.39
1374,20,오전 11:02:02,2.83,51.65
1375,20,오전 11:02:07,2.83,51.7
1376,20,오전 11:02:12,2.84,51.97
1377,20,오전 11:02:17,2.86,52.13
1378,20,오전 11:02:22,2.86,52.35
1379,20,오전 11:02:27,2.95,52.6
1380,20,오전 11:02:32,3.67,41.78
1381,21,오전 11:02:53,1.04,47.77
1382,21,오전 11:02:58,1.06,48.25
1383,21,오전 11:03:03,1.11,48.28
1384,21,오전 11:03:08,1.13,48.4
1385,21,오전 11:03:13,1.21,48.41
1386,21,오전 11:03:18,1.21,48.5
1387,21,오전 11:03:23,1.25,48.86
1388,21,오전 11:03:28,1.3,48.98
1389,21,오전 11:03:33,1.33,49.01
1390,21,오전 11:03:38,1.41,49.04
1391,21,오전 11:03:43,1.43,49.05
1392,21,오전 11:03:48,1.51,49.06
1393,21,오전 11:03:53,1.54,49.12
1394,21,오전 11:03:58,1.54,49.37
1395,21,오전 11:04:03,1.55,49.38
1396,21,오전 11:04:08,1.55,49.39
1397,21,오전 11:04:13,1.61,49.42
1398,21,오전 11:04:18,1.63,49.45
1399,21,오전 11:04:23,1.63,49.61
1400,21,오전 11:04:28,1.66,49.72
1401,21,오전 11:04:33,1.67,49.74
1402,21,오전 11:04:38,1.68,49.82
1403,21,오전 11:04:43,1.7,49.85
1404,21,오전 11:04:48,1.76,49.86
1405,21,오전 11:04:53,1.84,49.87
1406,21,오전 11:04:58,1.88,49.88
1407,21,오전 11:05:03,1.89,49.94
1408,21,오전 11:05:08,1.89,49.98
1409,21,오전 11:05:13,1.9,49.99
1410,21,오전 11:05:18,1.9,50
1411,21,오전 11:05:23,1.9,50.05
1412,21,오전 11:05:28,1.94,50.06
1413,21,오전 11:05:33,1.96,50.13
1414,21,오전 11:05:38,1.97,50.15
1415,21,오전 11:05:43,1.98,50.16
1416,21,오전 11:05:48,2.04,50.21
1417,21,오전 11:05:53,2.05,50.26
1418,21,오전 11:05:58,2.06,50.29
1419,21,오전 11:06:03,2.07,50.29
1420,21,오전 11:06:08,2.08,50.29
1421,21,오전 11:06:13,2.08,50.31
1422,21,오전 11:06:18,2.19,50.31
1423,21,오전 11:06:23,2.22,50.32
1424,21,오전 11:06:28,2.22,50.41
1425,21,오전 11:06:33,2.29,50.47
1426,21,오전 11:06:38,2.29,50.48
1427,21,오전 11:06:43,2.33,50.5
1428,21,오전 11:06:48,2.33,50.56
1429,21,오전 11:06:53,2.35,50.57
1430,21,오전 11:06:58,2.38,50.6
1431,21,오전 11:07:03,2.42,50.64
1432,21,오전 11:07:08,2.53,50.65
1433,21,오전 11:07:13,2.59,50.66
1434,21,오전 11:07:18,2.6,50.71
1435,21,오전 11:07:23,2.61,50.72
1436,21,오전 11:07:28,2.64,50.74
1437,21,오전 11:07:33,2.69,50.76
1438,21,오전 11:07:38,2.71,50.77
1439,21,오전 11:07:43,2.74,50.78
1440,21,오전 11:07:48,2.76,50.88
1441,21,오전 11:07:53,2.77,50.91
1442,21,오전 11:07:58,2.78,50.94
1443,21,오전 11:08:03,2.78,50.98
1444,21,오전 11:08:08,2.78,51
1445,21,오전 11:08:13,2.81,51.02
1446,21,오전 11:08:18,2.82,51.21
1447,21,오전 11:08:23,2.9,51.22
1448,21,오전 11:08:28,2.98,51.39
1449,21,오전 11:08:33,3.28,39.95
1450,22,오전 11:08:59,1.03,47.79
1451,22,오전 11:09:04,1.07,47.9
1452,22,오전 11:09:09,1.09,47.95
1453,22,오전 11:09:14,1.13,48.14
1454,22,오전 11:09:19,1.18,48.19
1455,22,오전 11:09:24,1.19,48.37
1456,22,오전 11:09:29,1.2,48.47
1457,22,오전 11:09:34,1.27,48.7
1458,22,오전 11:09:39,1.27,48.74
1459,22,오전 11:09:44,1.3,48.81
1460,22,오전 11:09:49,1.33,48.98
1461,22,오전 11:09:54,1.37,48.99
1462,22,오전 11:09:59,1.42,49
1463,22,오전 11:10:04,1.45,49.02
1464,22,오전 11:10:09,1.47,49.03
1465,22,오전 11:10:14,1.48,49.14
1466,22,오전 11:10:19,1.53,49.16
1467,22,오전 11:10:24,1.63,49.2
1468,22,오전 11:10:29,1.64,49.24
1469,22,오전 11:10:34,1.68,49.31
1470,22,오전 11:10:39,1.75,49.33
1471,22,오전 11:10:44,1.82,49.36
1472,22,오전 11:10:49,1.83,49.38
1473,22,오전 11:10:54,1.83,49.38
1474,22,오전 11:10:59,1.86,49.43
1475,22,오전 11:11:04,1.9,49.43
1476,22,오전 11:11:09,1.93,49.44
1477,22,오전 11:11:14,1.94,49.49
1478,22,오전 11:11:19,1.96,49.56
1479,22,오전 11:11:24,1.96,49.56
1480,22,오전 11:11:29,1.97,49.58
1481,22,오전 11:11:34,1.97,49.64
1482,22,오전 11:11:39,1.99,49.64
1483,22,오전 11:11:44,1.99,49.65
1484,22,오전 11:11:49,2,49.66
1485,22,오전 11:11:54,2.01,49.69
1486,22,오전 11:11:59,2.02,49.74
1487,22,오전 11:12:04,2.05,49.76
1488,22,오전 11:12:09,2.09,49.8
1489,22,오전 11:12:14,2.11,49.87
1490,22,오전 11:12:19,2.12,49.92
1491,22,오전 11:12:24,2.15,49.95
1492,22,오전 11:12:29,2.18,49.98
1493,22,오전 11:12:34,2.21,50.06
1494,22,오전 11:12:39,2.26,50.1
1495,22,오전 11:12:44,2.28,50.13
1496,22,오전 11:12:49,2.28,50.17
1497,22,오전 11:12:54,2.33,50.22
1498,22,오전 11:12:59,2.34,50.27
1499,22,오전 11:13:04,2.36,50.27
1500,22,오전 11:13:09,2.37,50.36
1501,22,오전 11:13:14,2.39,50.37
1502,22,오전 11:13:19,2.4,50.43
1503,22,오전 11:13:24,2.46,50.55
1504,22,오전 11:13:29,2.5,50.58
1505,22,오전 11:13:34,2.56,50.58
1506,22,오전 11:13:39,2.58,50.59
1507,22,오전 11:13:44,2.64,50.66
1508,22,오전 11:13:49,2.65,50.68
1509,22,오전 11:13:54,2.66,50.7
1510,22,오전 11:13:59,2.66,50.77
1511,22,오전 11:14:04,2.68,50.98
1512,22,오전 11:14:09,2.74,51.2
1513,22,오전 11:14:14,2.74,51.29
1514,22,오전 11:14:19,2.79,51.32
1515,22,오전 11:14:24,2.82,51.35
1516,22,오전 11:14:29,2.93,51.69
1517,22,오전 11:14:34,2.96,51.83
1518,22,오전 11:14:39,3.58,38.2
